produto_key,categoria,tipo_produto,detalhe_produto,preco_medio,preco_minimo,preco_maximo,faixa_preco
1,Coffee beans,Organic Beans,Brazilian - Organic,18.0,18.0,18.0,Alto
2,Coffee beans,House blend Beans,Our Old Time Diner Blend,18.0,18.0,18.0,Alto
3,Coffee beans,Espresso Beans,Espresso Roast,14.75,14.75,14.75,Alto
4,Coffee beans,Espresso Beans,Primo Espresso Roast,20.45,20.45,20.45,Alto
5,Coffee beans,Gourmet Beans,Columbian Medium Roast,15.0,15.0,15.0,Alto
6,Coffee beans,Gourmet Beans,Ethiopia,21.0,21.0,21.0,Alto
7,Coffee beans,Premium Beans,Jamacian Coffee River,19.75,19.75,19.75,Alto
8,Coffee beans,Premium Beans,Civet Cat,45.0,45.0,45.0,Alto
9,Coffee beans,Organic Beans,Organic Decaf Blend,22.61,12.0,28.0,Alto
10,Coffee beans,Green beans,Guatemalan Sustainably Grown,10.0,10.0,10.0,Alto
11,Loose Tea,Herbal tea,Lemon Grass,8.95,8.95,8.95,Alto
12,Loose Tea,Herbal tea,Peppermint,8.95,8.95,8.95,Alto
13,Loose Tea,Black tea,English Breakfast,8.95,8.95,8.95,Alto
14,Loose Tea,Black tea,Earl Grey,8.95,8.95,8.95,Alto
15,Loose Tea,Green tea,Serenity Green Tea,9.25,9.25,9.25,Alto
16,Loose Tea,Chai tea,Traditional Blend Chai,8.95,8.95,8.95,Alto
17,Loose Tea,Chai tea,Morning Sunrise Chai,9.5,9.5,9.5,Alto
18,Loose Tea,Chai tea,Spicy Eye Opener Chai,10.95,10.95,10.95,Alto
19,Packaged Chocolate,Drinking Chocolate,Dark chocolate,6.4,6.4,6.4,Alto
20,Packaged Chocolate,Organic Chocolate,Sustainably Grown Organic,7.6,7.6,7.6,Alto
21,Packaged Chocolate,Drinking Chocolate,Chili Mayan,13.33,13.33,13.33,Alto
22,Coffee,Drip coffee,Our Old Time Diner Blend Sm,2.0,2.0,2.0,Baixo
23,Coffee,Drip coffee,Our Old Time Diner Blend Rg,2.5,2.5,2.5,Baixo
24,Coffee,Drip coffee,Our Old Time Diner Blend Lg,3.0,3.0,3.0,Medio
25,Coffee,Organic brewed coffee,Brazilian Sm,2.2,2.2,2.2,Baixo
26,Coffee,Organic brewed coffee,Brazilian Rg,3.0,3.0,3.0,Medio
27,Coffee,Organic brewed coffee,Brazilian Lg,3.5,3.5,3.5,Medio
28,Coffee,Gourmet brewed coffee,Columbian Medium Roast Sm,2.0,2.0,2.0,Baixo
29,Coffee,Gourmet brewed coffee,Columbian Medium Roast Rg,2.5,2.5,2.5,Baixo
30,Coffee,Gourmet brewed coffee,Columbian Medium Roast Lg,3.0,3.0,3.0,Medio
31,Coffee,Gourmet brewed coffee,Ethiopia Sm,2.2,2.2,2.2,Baixo
32,Coffee,Gourmet brewed coffee,Ethiopia Rg,3.0,3.0,3.0,Medio
33,Coffee,Gourmet brewed coffee,Ethiopia Lg,3.5,3.5,3.5,Medio
34,Coffee,Premium brewed coffee,Jamaican Coffee River Sm,2.45,2.45,2.45,Baixo
35,Coffee,Premium brewed coffee,Jamaican Coffee River Rg,3.1,3.1,3.1,Medio
36,Coffee,Premium brewed coffee,Jamaican Coffee River Lg,3.75,3.75,3.75,Medio
37,Coffee,Barista Espresso,Espresso shot,3.0,3.0,3.0,Medio
38,Coffee,Barista Espresso,Latte,3.75,3.75,3.75,Medio
39,Coffee,Barista Espresso,Latte Rg,4.25,4.25,4.25,Medio
40,Coffee,Barista Espresso,Cappuccino,3.75,3.75,3.75,Medio
41,Coffee,Barista Espresso,Cappuccino Lg,4.25,4.25,4.25,Medio
42,Tea,Brewed herbal tea,Lemon Grass Rg,2.5,2.5,2.5,Baixo
43,Tea,Brewed herbal tea,Lemon Grass Lg,3.0,3.0,3.0,Medio
44,Tea,Brewed herbal tea,Peppermint Rg,2.5,2.5,2.5,Baixo
45,Tea,Brewed herbal tea,Peppermint Lg,3.0,3.0,3.0,Medio
46,Tea,Brewed Green tea,Serenity Green Tea Rg,2.5,2.5,2.5,Baixo
47,Tea,Brewed Green tea,Serenity Green Tea Lg,3.0,3.0,3.0,Medio
48,Tea,Brewed Black tea,English Breakfast Rg,2.5,2.5,2.5,Baixo
49,Tea,Brewed Black tea,English Breakfast Lg,3.0,3.0,3.0,Medio
50,Tea,Brewed Black tea,Earl Grey Rg,2.5,2.5,2.5,Baixo
51,Tea,Brewed Black tea,Earl Grey Lg,3.0,3.0,3.0,Medio
52,Tea,Brewed Chai tea,Traditional Blend Chai Rg,2.5,2.5,2.5,Baixo
53,Tea,Brewed Chai tea,Traditional Blend Chai Lg,3.0,3.0,3.0,Medio
54,Tea,Brewed Chai tea,Morning Sunrise Chai Rg,2.5,2.5,2.5,Baixo
55,Tea,Brewed Chai tea,Morning Sunrise Chai Lg,4.0,4.0,4.0,Medio
56,Tea,Brewed Chai tea,Spicy Eye Opener Chai Rg,2.55,2.55,2.55,Baixo
57,Tea,Brewed Chai tea,Spicy Eye Opener Chai Lg,3.1,3.1,3.1,Medio
58,Drinking Chocolate,Hot chocolate,Dark chocolate Rg,3.5,3.5,3.5,Medio
59,Drinking Chocolate,Hot chocolate,Dark chocolate Lg,4.5,4.5,4.5,Medio
60,Drinking Chocolate,Hot chocolate,Sustainably Grown Organic Rg,3.75,3.75,3.75,Medio
61,Drinking Chocolate,Hot chocolate,Sustainably Grown Organic Lg,4.75,4.75,4.75,Medio
63,Flavours,Regular syrup,Carmel syrup,0.8,0.8,0.8,Baixo
64,Flavours,Regular syrup,Hazelnut syrup,0.8,0.8,0.8,Baixo
65,Flavours,Sugar free syrup,Sugar Free Vanilla syrup,0.8,0.8,0.8,Baixo
69,Bakery,Biscotti,Hazelnut Biscotti,3.26,3.25,4.06,Medio
70,Bakery,Scone,Cranberry Scone,3.26,3.25,4.06,Medio
71,Bakery,Pastry,Chocolate Croissant,3.76,3.75,4.69,Medio
72,Bakery,Scone,Ginger Scone,3.18,2.65,4.06,Medio
73,Bakery,Pastry,Almond Croissant,3.75,3.75,4.69,Medio
74,Bakery,Biscotti,Ginger Biscotti,3.51,3.5,4.38,Medio
75,Bakery,Pastry,Croissant,3.51,3.5,4.38,Medio
76,Bakery,Biscotti,Chocolate Chip Biscotti,3.51,3.5,4.38,Medio
77,Bakery,Scone,Oatmeal Scone,3.0,3.0,3.0,Medio
78,Bakery,Scone,Scottish Cream Scone ,4.51,4.5,5.63,Medio
79,Bakery,Scone,Jumbo Savory Scone,3.76,3.75,4.69,Medio
81,Branded,Clothing,I Need My Bean! T-shirt,27.89,23.0,28.0,Alto
82,Branded,Housewares,I Need My Bean! Diner mug,12.25,12.0,23.0,Alto
83,Branded,Housewares,I Need My Bean! Latte cup,14.33,14.0,23.0,Alto
84,Flavours,Regular syrup,Chocolate syrup,0.8,0.8,0.8,Baixo
87,Coffee,Barista Espresso,Ouro Brasileiro shot,2.7,2.1,3.0,Baixo
